Chunk Size,Overlap,Embedding Model,Vector DB,LLM,Index Time (s),Index Memory (MB),Avg Query Time (s),Avg Query Memory (MB),Query1,Response1,Query2,Response2,Query3,Response3,Score
1000,100,sentence-transformers/all-MiniLM-L6-v2,Redis,llama3.2:latest,2.796286821,124.15625,0.35,0.06,What are the differences between Binary Search and Linear Search?,"Binary Search and Linear Search are two fundamental algorithms used for searching elements in a sorted list. Here are the main differences:

1. **Time Complexity:**
	* Linear Search has a time complexity of O(n), where n is the number of elements in the list. This means that the search time increases linearly with the size of the list.
	* Binary Search has a time complexity of O(log n), which is much faster for large lists. The search time decreases exponentially with the size of the list.

2. **Searching Method:**
	* Linear Search works by checking each element in the list one by one, starting from the beginning of the list. It compares the target value to each element until it finds a match.
	* Binary Search starts by dividing the list into two halves and comparing the middle element with the target value. If the target value is less than the middle element, it repeats the process on the left half; otherwise, it does the same for the right half.

3. **Sorted List Requirement:**
	* Both algorithms require the list to be sorted in ascending or descending order.
	* Binary Search assumes that the list is already sorted and can take advantage of this property to reduce the search time.

4. **Efficiency:**
	* Linear Search has a higher overhead due to the repeated checks, making it less efficient for large lists.
	* Binary Search is more efficient because it uses a divide-and-conquer approach, which reduces the number of comparisons needed.

In summary, Binary Search is generally faster and more efficient than Linear Search, especially for large sorted lists. However, both algorithms have their own use cases and are suitable for different situations.","What is the purpose of indexing in a database, and how does it improve search performance?","Indexing in a database serves several purposes:

1.  **Speeds Up Queries**: Indexes allow the database to quickly locate specific data, making query performance much faster.
2.  **Improves Search Performance**: By creating an index on a column or set of columns, you can significantly improve the search performance of your database.
3.  **Reduces Data Scanning**: When an index is created, the database only needs to scan the non-indexed data (i.e., the rows that don't contain the indexed values) for matches. This reduces the amount of data that needs to be scanned, resulting in faster query performance.

Here's a simple example to illustrate this:

*   Suppose we have a table called ""Employees"" with columns named ""Name,"" ""Age,"" and ""Department."" We want to create an index on the ""Name"" column.
*   The database uses the index to quickly locate employees based on their names. When a query is executed, it can immediately scan the indexed data (the rows where the name starts with a given prefix) and retrieve the matching records.

Overall, indexing helps improve search performance by reducing the time required to scan through large amounts of data and retrieving specific records.

Example use case:

```sql
-- Create an index on the 'Name' column
CREATE INDEX idx_name ON Employees (Name);

-- Execute a query that uses the indexed 'Name' column
SELECT * FROM Employees WHERE Name LIKE '%John%';
```

In this example, the database can quickly locate employees whose names start with ""John"" using the index created on the ""Name"" column.",Explain the structure and advantages of B-Trees in database systems.,"B-Trees (Balanced Trees) are a type of self-balancing search tree data structure that is commonly used in database systems to organize and retrieve data efficiently. Here's an overview of their structure and advantages:

**Structure:**

A B-Tree consists of the following components:

1. **Root node**: The topmost node in the tree, which contains the root keys.
2. **Interior nodes**: Nodes that contain child pointers (pointers to other nodes) and key values. These nodes are used to balance the tree and ensure efficient search operations.
3. **Leaf nodes**: The lowest level of the tree, where data is stored. Leaf nodes do not have any child pointers.

**How it works:**

1. Insertion: When a new key-value pair is inserted into the B-Tree, the system checks if there's space in the leaf node that contains the key value. If there's space, the key-value pair is added to the leaf node. Otherwise, the insertion process continues recursively up the tree until an empty slot is found.
2. Deletion: When a key-value pair is deleted from the B-Tree, the system follows similar steps as for insertion.

**Advantages:**

1. **Efficient search**: B-Trees allow for efficient searching of data using the following operations:
 * Average-case O(log n) time complexity
 * Worst-case O(log n) time complexity (in case the tree is highly unbalanced)
2. **Self-balancing**: B-Trees automatically balance themselves when nodes are inserted or deleted, ensuring that the tree remains roughly balanced and efficient.
3. **Space efficiency**: B-Trees can store a large number of keys in a relatively small amount of space by using leaf node keys to keep track of available space.
4. **Supports range queries**: B-Trees support range queries (e.g., finding all records within a certain date range) efficiently.

**Other benefits:**

1. **Ordered data retrieval**: B-Trees can be used to store and retrieve ordered data, such as sorted lists or tables.
2. **Multi-level indexing**: B-Trees can be used to implement multi-level indexes for efficient data retrieval.
3. **Distributed systems**: B-Trees are suitable for use in distributed systems due to their self-balancing nature.

**Real-world applications:**

1. Database management systems (e.g., MySQL, PostgreSQL)
2. File systems (e.g., ext4, XFS)
3. Operating system directories
4. Caches and storage systems

In summary, B-Trees provide an efficient data structure for organizing and retrieving data in database systems, with features like self-balancing, space efficiency, and support for range queries.",8.5
200,0,sentence-transformers/all-MiniLM-L6-v2,Redis,llama3.2:latest,2.596277952,269.28125,0.07,0.95,What are the differences between Binary Search and Linear Search?,"Binary Search and Linear Search are two fundamental algorithms used for searching elements in a sorted array or list.

The main difference between them is the way they search for an element:

1. **Linear Search**: In Linear Search, we start from the first element of the array and compare it with the target element. If it's not equal, we move to the next element and repeat this process until we find a match or reach the end of the array. The time complexity is O(n), where n is the number of elements in the array.

2. **Binary Search**: In Binary Search, we divide the array into two halves at each step until we find the target element. We start by comparing the middle element with the target element, then move to the left or right half depending on whether it matches or not. This process is repeated until we find a match or the remaining elements are less than one. The time complexity is O(log n), where n is the number of elements in the array.

In summary:

- Linear Search has a linear relationship with the size of the data, taking longer as the data grows.
- Binary Search is more efficient for large datasets due to its logarithmic nature.

When to use each:
   - Use Linear Search when working with small arrays or unsorted lists, where binary search may not be feasible.
   - Use Binary Search when dealing with large sorted datasets, requiring efficient searching capabilities.","What is the purpose of indexing in a database, and how does it improve search performance?","The primary purpose of indexing in a database is to speed up data retrieval by creating a data structure that allows for efficient storage and lookup of specific values. An index is a data structure that contains a pointer or link to the location of each row in a table.

Indexing improves search performance in several ways:

1. **Faster query execution**: When you use an index, the database can quickly locate the required data without having to scan the entire table.
2. **Reduced full table scans**: Without indexing, the database must scan the entire table to find the required data, which can be time-consuming and resource-intensive. Indexing eliminates this need, reducing the load on the database and improving performance.
3. **Improved query performance**: By allowing the database to access data more quickly, indexing improves query performance, enabling faster retrieval of data and reducing response times.

Some common types of indexes include:

1. **B-tree index**: A self-balancing search tree that keeps data sorted and allows for efficient insertion, deletion, and searching.
2. **Hash index**: A data structure that maps keys to values using a hash function, allowing for fast lookups and insertions.
3. **Clustered index**: A type of index where the physical order of the data is determined by the index, enabling efficient sequential access.

Overall, indexing is an essential technique in database design and optimization, as it enables faster query execution, improved performance, and better scalability.",Explain the structure and advantages of B-Trees in database systems.,"A B-Tree is a self-balancing search tree data structure commonly used in databases to store and retrieve data efficiently. The basic structure of a B-Tree consists of:

1. **Nodes**: A B-Tree is composed of nodes, each of which contains a set of key-value pairs. Each node can contain zero or more keys.
2. **Keys**: Keys are stored in the nodes and are used to determine the order of the data. The keys are typically sorted in ascending order.
3. **Children**: Each node has two child pointers, one pointing to the left child node and the other pointing to the right child node.

The advantages of B-Trees in database systems include:

1. **Balanced search time**: B-Trees ensure that search times remain relatively constant even when the tree is unbalanced. This makes it efficient for both insertions and deletions.
2. **Space efficiency**: B-Trees can store a large amount of data in a given space, making them suitable for storage systems with limited disk space.
3. **Efficient insertion and deletion**: The ability to efficiently balance the tree ensures that search times remain constant during insertion or deletion operations.
4. **Ordered data retrieval**: B-Trees allow for ordered data retrieval, which is essential in many database applications.

However, there are some potential disadvantages of using B-Trees:

1. **Overhead**: B-Trees require more memory to store the nodes and child pointers compared to other tree data structures like Binary Search Trees.
2. **Complexity**: The self-balancing mechanism used in B-Trees can be complex to implement, especially for large databases.

In summary, B-Trees offer a balance between search time, space efficiency, and ordered data retrieval, making them an attractive option for database systems where performance is critical.",6.5
500,50,sentence-transformers/all-MiniLM-L6-v2,FAISS,mistral:latest,1.030964136,135.453125,0.14,6.85,What are the differences between Binary Search and Linear Search?,"Binary Search and Linear Search are two fundamental algorithms used for searching elements in a sorted list. Here are the main differences between them:

1. **Time Complexity**:
	* Linear Search has a time complexity of O(n), where n is the number of elements in the list. This means that the search time increases linearly with the size of the list.
	* Binary Search has a time complexity of O(log n), making it much faster for large lists.
2. **Search Algorithm**:
	* Linear Search checks each element in the list one by one, starting from the beginning, until it finds a match.
	* Binary Search works by dividing the list into two halves and searching for the target element in one of them. It repeats this process until the target is found or the list is exhausted.
3. **Sorted List Requirement**:
	* Linear Search can be used on unsorted lists, but its performance degrades as the list size increases.
	* Binary Search requires the list to be sorted before searching.
4. **Efficiency**:
	* Binary Search is more efficient for large datasets, especially when the list is sorted.
	* Linear Search is simpler to implement and can be useful in certain situations, such as searching an unsorted list.

In summary, Binary Search offers better performance and efficiency than Linear Search, but it requires a sorted list, while Linear Search can work on unsorted lists.","What is the purpose of indexing in a database, and how does it improve search performance?","Indexing in a database serves as a data structure that facilitates faster lookup, insertion, deletion, and retrieval of data. The primary purpose of indexing is to improve search performance by providing a quick way to locate specific data within the database.

Here's how indexing works:

1. When you create an index on a column or set of columns in your table, MySQL creates a separate data structure called an index.
2. An index contains the values from the indexed columns, along with a pointer (or ""key"") that points to the location of the corresponding row(s) in the table.
3. When you execute a query that searches for specific data using the indexed column(s), MySQL can quickly locate the relevant rows by following the pointers in the index.

Indexing improves search performance in several ways:

*   **Faster data retrieval**: Indexes enable fast lookup of data, making it possible to retrieve data much quicker than scanning the entire table.
*   **Reduced I/O operations**: By using indexes, MySQL can avoid reading large portions of the table, reducing the number of input/output (I/O) operations required to execute a query.
*   **Improved query performance**: Indexes can significantly improve the performance of queries that frequently filter data based on specific conditions.

However, it's worth noting that indexing also has some drawbacks, such as:

*   Increased storage requirements: Creating and maintaining indexes requires additional storage space.
*   Additional maintenance tasks: Indexes need to be periodically updated or reorganized to maintain optimal performance.",Explain the structure and advantages of B-Trees in database systems.,"A B-Tree is a self-balancing search tree data structure commonly used in database systems for storing and retrieving data. Here's an overview of its structure and advantages:

Structure:
A B-Tree consists of the following components:

1. Root node: The topmost node, which contains the minimum and maximum keys.
2. Internal nodes: These are the parent-child relationships between nodes. Each internal node has a minimum number of child nodes (usually 2) and a maximum number of child nodes equal to its key count plus one.
3. Leaf nodes: These are the bottom-most nodes in the B-Tree, where all data is stored. A leaf node can have any number of child nodes.

Advantages:

1. **Efficient Search**: B-Trees allow for efficient search operations (insert, delete, and query) with an average time complexity of O(log n), where n is the number of keys.
2. **Balanced Structure**: The self-balancing property ensures that the height of the tree remains relatively constant even after insertions or deletions, which keeps search times efficient.
3. **Good for Disk Storage**: B-Trees are optimized for disk storage, as they can store data on multiple disks and maintain a high level of organization.
4. **Space Efficiency**: B-Trees require less disk space than other tree-based data structures due to their ability to compress keys.
5. **Self-Optimization**: The self-balancing property allows the B-Tree to adapt to changes in the data structure, maintaining optimal performance.

In summary, B-Trees are an effective choice for database systems due to their efficient search capabilities, balanced structure, and space efficiency.",7.5
500,50,sentence-transformers/all-MiniLM-L6-v2,FAISS,llama3.2:latest,1.200875044,136.546875,0.08,0.8,What are the differences between Binary Search and Linear Search?," Binary Search and Linear Search are two common search algorithms used to find specific elements in a list or array. Here are their main differences:

1. Efficiency: Binary Search is more efficient than Linear Search when searching large datasets because it performs logarithmically (O(log n)) compared to the linear time (O(n)) of Linear Search. This means that binary search reduces the number of comparisons needed as the size of the data increases.

2. Requirements: Binary Search requires a sorted list, while Linear Search does not have such requirements.

3. Algorithm: In Binary Search, the middle element of the array is repeatedly compared to the target value until it's found or it can be determined that the target is not present. If the target is less than the middle element, then only the lower half of the array will be searched in the next step. If the target is greater than the middle element, then only the upper half of the array will be considered. In Linear Search, every element in the list is compared to the target one by one, starting from the first element, until the target is found or the end of the list is reached.

4. Complexity Analysis: When the data is already sorted, it's faster to search for an item using Binary Search than Linear Search because binary search reduces the number of comparisons needed as the size of the data increases. However, sorting the data before performing a binary search has its own time and space complexity considerations that should be taken into account.","What is the purpose of indexing in a database, and how does it improve search performance?"," Indexing in a database serves two primary purposes: to speed up data retrieval operations and to enhance the efficiency of the database system.

In simple terms, an index is a data structure that improves the speed of read-only operations at the cost of write operations. It does this by providing a quick reference for database queries to find and retrieve specific data without having to scan every single record in the table, which can be particularly useful when dealing with large datasets.

The improvement in search performance occurs because instead of scanning through the entire table each time a query is executed (which would require time proportional to the total number of rows), the database can first refer to the index to narrow down the search area. This allows for faster access and retrieval of data, reducing the overall time complexity from O(n) to O(log n).

However, it's important to note that while indexing improves read operations, it may slightly increase the time required for write operations since each insertion, update, or deletion needs to be reflected in both the table and its corresponding index. As a result, databases use strategies like delayed index creation to balance the performance between reading and writing.",Explain the structure and advantages of B-Trees in database systems.," B-Trees are a type of self-balancing search tree data structure used in database systems to efficiently store and retrieve sorted data. They are useful for maintaining large ordered sets from disk, as they reduce the number of disk accesses required by applications that search, insert, delete, or enforce range queries on such data.

The basic structure of a B-Tree consists of nodes, where each node can have multiple children (usually between M and 2M-1). The root node is never empty unless it contains only the root of a one-node tree. Non-leaf nodes contain keys and pointers to their child nodes, while leaf nodes contain only keys and pointers to data records stored outside the tree.

One of the main advantages of B-Trees is that they can be used in databases to manage large amounts of data efficiently. Since B-Trees allow for range queries (retrieving all keys between a range), they are highly suitable for indexing data and can significantly speed up data retrieval operations, reducing disk I/O accesses and improving overall database performance.

Another advantage is that B-Trees have good balance properties. Balance in a tree means that the number of nodes at each level is roughly equal. This property ensures that search, insertion, and deletion operations take logarithmic time in the size of the data set, which is a significant efficiency improvement compared to linear search algorithms.

Lastly, B-Trees can be easily extended to work with multi-dimensional keys (B+Tree) or to handle data streaming (B*-tree). These variants address specific needs and optimization requirements of real-world database systems.",9
200,100,sentence-transformers/all-MiniLM-L6-v2,FAISS,llama3.2:latest,3.280826807,425.46875,0.04,0.55,What are the differences between Binary Search and Linear Search?,"When it comes to searching for an element in a sorted list of items, two fundamental algorithms come into play: Binary Search and Linear Search.

Here are the main differences between them:

1. **Time Complexity**: 
   - Linear Search has a time complexity of O(n), where n is the number of elements in the list. This means that the time it takes to find an element increases linearly with the size of the list.
   - Binary Search, on the other hand, has a time complexity of O(log n). This makes Binary Search much faster than Linear Search for large datasets.

2. **Searching Process**: 
   - In Linear Search, the algorithm checks each element in the list one by one until it finds the target value or reaches the end of the list.
   - Binary Search works by dividing the list in half at each step and searching for the target value in one of the two halves until it is found.

3. **Efficiency**: 
   - Linear Search can be inefficient for large datasets because its time complexity becomes very high as the size of the dataset increases.
   - Binary Search, due to its logarithmic time complexity, remains relatively efficient even with extremely large datasets.

4. **Sorted List Requirement**: 
   - Both algorithms require a sorted list to function effectively.
   - If the list is not sorted, the effectiveness of both Linear and Binary Search can be significantly reduced.

In summary, while both algorithms can be used for searching elements in lists, their approach and efficiency differ greatly, with Binary Search being significantly faster for large datasets due to its logarithmic time complexity.","What is the purpose of indexing in a database, and how does it improve search performance?","Indexing in a database serves as a data structure that facilitates fast lookup, insertion, deletion, and retrieval of data. The primary purpose of indexing is to improve search performance by reducing the time complexity of query operations.

When an index is created on a table, it contains a copy of the values in one or more columns. This allows for faster comparison of values between the indexed column and the criteria specified in a query. By using an index, the database can quickly locate the required data without having to scan the entire table.

For example, consider a table called ""employees"" with columns ""name,"" ""age,"" and ""salary."" If we create an index on the ""name"" column, the database can quickly find all employees whose name starts with a certain string. This is particularly useful in queries where we need to filter data based on specific criteria.

The benefits of indexing include:

1.  Improved search performance: Indexing reduces the time complexity of query operations by allowing for faster lookup and retrieval of data.
2.  Enhanced filtering capabilities: Indexes enable efficient filtering of data, making it easier to retrieve specific records that match certain conditions.
3.  Better support for range queries: Indexes can be used to speed up range queries (e.g., finding all employees with a salary between two values).

However, indexing also has some drawbacks:

1.  Increased storage requirements: Creating and maintaining an index requires additional disk space, as the index must be stored separately from the actual data.
2.  Potential for slower insertions and updates: Creating or updating an index can slow down insertion and update operations, especially if the table is large.

To get the most out of indexing, it's essential to:

1.  Choose the right columns: Select the columns that are used most frequently in queries and have the highest cardinality (i.e., contain distinct values).
2.  Monitor index performance: Regularly analyze query performance to determine whether indexes are having a positive impact and make adjustments as needed.
3.  Use indexing strategies effectively: Consider using covering indexes, composite indexes, or covering index-only scans to optimize query performance.

In summary, indexing is an essential database optimization technique that improves search performance by reducing the time complexity of query operations. By choosing the right columns for indexing and monitoring its performance, you can get the most out of this powerful tool.",Explain the structure and advantages of B-Trees in database systems.,"B-Trees (Balanced Trees) are a type of self-balancing search tree data structure commonly used in database systems to store and retrieve large amounts of data efficiently. Here's an overview of their structure and advantages:

Structure:

1. Each node in the B-Tree represents a range of values, with each node having a fixed number of children (keys).
2. The root node is the topmost node, and it may have multiple child nodes.
3. Each internal node has a minimum number of keys (e.g., 2 or 3) to ensure balance.
4. Leaf nodes are the bottom-most nodes, which contain actual data values.

Advantages:

1. **Efficient storage and retrieval**: B-Trees allow for efficient insertion, deletion, and searching of data by maintaining a balanced structure that minimizes the number of comparisons needed to find a specific value.
2. **Scalability**: B-Trees can handle large amounts of data by allowing each node to contain multiple keys, making them suitable for databases with vast storage needs.
3. **Balanced search times**: The self-balancing property ensures that search times remain relatively constant even as the number of nodes and data values increases or decreases.
4. **Adaptive capacity**: B-Trees can adapt to changes in the dataset by adjusting node capacities, ensuring optimal performance.
5. **Flexible indexing**: B-Trees support multiple indexing methods (e.g., range queries, key queries), making them suitable for various database operations.

Common applications of B-Trees include:

* Database indexing
* File system organization
* Compilers and interpreters
* Operating system storage management

B-Trees are widely used in many databases and file systems due to their efficient data retrieval, storage, and scalability features.",8